fundingTime,fundingRate
2020-08-27 08:00:00,0.00010000
2020-08-27 16:00:00,0.00010000
2020-08-28 00:00:00,0.00010000
2020-08-28 08:00:00,0.00010000
2020-08-28 16:00:00,0.00010000
2020-08-29 00:00:00,0.00010000
2020-08-29 08:00:00,0.00010000
2020-08-29 16:00:00,0.00010000
2020-08-30 00:00:00,0.00010000
2020-08-30 08:00:00,0.00010000
2020-08-30 16:00:00,0.00010000
2020-08-31 00:00:00,0.00010000
2020-08-31 08:00:00,0.00010000
2020-08-31 16:00:00,0.00015461
2020-09-01 00:00:00,0.00010000
2020-09-01 08:00:00,0.00022961
2020-09-01 16:00:00,0.00046860
2020-09-02 00:00:00,0.00032895
2020-09-02 08:00:00,0.00035074
2020-09-02 16:00:00,0.00045038
2020-09-03 00:00:00,0.00021394
2020-09-03 08:00:00,0.00016828
2020-09-03 16:00:00,0.00024709
2020-09-04 00:00:00,0.00010000
2020-09-04 08:00:00,0.00010000
2020-09-04 16:00:00,0.00010000
2020-09-05 00:00:00,0.00010000
2020-09-05 08:00:00,0.00010000
2020-09-05 16:00:00,0.00010000
2020-09-06 00:00:00,0.00010000
2020-09-06 08:00:00,0.00010000
2020-09-06 16:00:00,0.00010000
2020-09-07 00:00:00,0.00010000
2020-09-07 08:00:00,0.00010000
2020-09-07 16:00:00,0.00010000
2020-09-08 00:00:00,0.00010000
2020-09-08 08:00:00,0.00010000
2020-09-08 16:00:00,0.00010000
2020-09-09 00:00:00,0.00010000
2020-09-09 08:00:00,0.00010000
2020-09-09 16:00:00,0.00010000
2020-09-10 00:00:00,0.00010000
2020-09-10 08:00:00,0.00010000
2020-09-10 16:00:00,0.00010000
2020-09-11 00:00:00,0.00010000
2020-09-11 08:00:00,0.00010000
2020-09-11 16:00:00,0.00010000
2020-09-12 00:00:00,0.00010000
2020-09-12 08:00:00,0.00010000
2020-09-12 16:00:00,0.00010000
2020-09-13 00:00:00,0.00010000
2020-09-13 08:00:00,0.00010000
2020-09-13 16:00:00,0.00010000
2020-09-14 00:00:00,0.00010000
2020-09-14 08:00:00,0.00010000
2020-09-14 16:00:00,0.00000868
2020-09-15 00:00:00,-0.00022270
2020-09-15 08:00:00,-0.00002796
2020-09-15 16:00:00,-0.00005156
2020-09-16 00:00:00,-0.00011181
2020-09-16 08:00:00,-0.00001488
2020-09-16 16:00:00,-0.00003198
2020-09-17 00:00:00,-0.00000563
2020-09-17 08:00:00,0.00002957
2020-09-17 16:00:00,0.00000098
2020-09-18 00:00:00,0.00009425
2020-09-18 08:00:00,0.00005579
2020-09-18 16:00:00,0.00004967
2020-09-19 00:00:00,-0.00011550
2020-09-19 08:00:00,-0.00010980
2020-09-19 16:00:00,-0.00005749
2020-09-20 00:00:00,-0.00006476
2020-09-20 08:00:00,-0.00011198
2020-09-20 16:00:00,-0.00006625
2020-09-21 00:00:00,-0.00007506
2020-09-21 08:00:00,-0.00012071
2020-09-21 16:00:00,0.00010000
2020-09-22 00:00:00,0.00010000
2020-09-22 08:00:00,0.00010000
2020-09-22 16:00:00,0.00010000
2020-09-23 00:00:00,0.00004321
2020-09-23 08:00:00,-0.00002604
2020-09-23 16:00:00,-0.00005506
2020-09-24 00:00:00,0.00003817
2020-09-24 08:00:00,0.00006991
2020-09-24 16:00:00,0.00001182
2020-09-25 00:00:00,-0.00023219
2020-09-25 08:00:00,0.00002542
2020-09-25 16:00:00,0.00010000
2020-09-26 00:00:00,0.00010000
2020-09-26 08:00:00,0.00010000
2020-09-26 16:00:00,0.00010000
2020-09-27 00:00:00,0.00010000
2020-09-27 08:00:00,0.00010000
2020-09-27 16:00:00,0.00010000
2020-09-28 00:00:00,0.00010000
2020-09-28 08:00:00,0.00010000
2020-09-28 16:00:00,0.00010000
2020-09-29 00:00:00,0.00010000
2020-09-29 08:00:00,0.00010000
2020-09-29 16:00:00,0.00010000
2020-09-30 00:00:00,0.00010000
2020-09-30 08:00:00,0.00010000
2020-09-30 16:00:00,0.00010000
2020-10-01 00:00:00,0.00007412
2020-10-01 08:00:00,0.00010000
2020-10-01 16:00:00,0.00010000
2020-10-02 00:00:00,-0.00000263
2020-10-02 08:00:00,-0.00001652
2020-10-02 16:00:00,0.00010000
2020-10-03 00:00:00,0.00010000
2020-10-03 08:00:00,0.00010000
2020-10-03 16:00:00,0.00009749
2020-10-04 00:00:00,-0.00002144
2020-10-04 08:00:00,0.00005039
2020-10-04 16:00:00,-0.00000756
2020-10-05 00:00:00,-0.00003381
2020-10-05 08:00:00,-0.00009143
2020-10-05 16:00:00,-0.00006912
2020-10-06 00:00:00,-0.00000126
2020-10-06 08:00:00,-0.00008313
2020-10-06 16:00:00,0.00006937
2020-10-07 00:00:00,0.00000511
2020-10-07 08:00:00,-0.00000858
2020-10-07 16:00:00,0.00001553
2020-10-08 00:00:00,0.00002693
2020-10-08 08:00:00,0.00003248
2020-10-08 16:00:00,0.00008856
2020-10-09 00:00:00,0.00006128
2020-10-09 08:00:00,0.00010000
2020-10-09 16:00:00,0.00010000
2020-10-10 00:00:00,0.00010000
2020-10-10 08:00:00,0.00010000
2020-10-10 16:00:00,0.00010000
2020-10-11 00:00:00,0.00010000
2020-10-11 08:00:00,0.00010000
2020-10-11 16:00:00,0.00010000
2020-10-12 00:00:00,0.00010000
2020-10-12 08:00:00,0.00010000
2020-10-12 16:00:00,0.00010000
2020-10-13 00:00:00,0.00010000
2020-10-13 08:00:00,0.00010000
2020-10-13 16:00:00,0.00010000
2020-10-14 00:00:00,0.00010000
2020-10-14 08:00:00,0.00010000
2020-10-14 16:00:00,0.00010000
2020-10-15 00:00:00,0.00010000
2020-10-15 08:00:00,0.00010000
2020-10-15 16:00:00,0.00010000
2020-10-16 00:00:00,0.00010000
2020-10-16 08:00:00,0.00010000
2020-10-16 16:00:00,0.00010000
2020-10-17 00:00:00,0.00010000
2020-10-17 08:00:00,0.00010000
2020-10-17 16:00:00,0.00010000
2020-10-18 00:00:00,0.00010000
2020-10-18 08:00:00,0.00010000
2020-10-18 16:00:00,0.00010000
2020-10-19 00:00:00,0.00010000
2020-10-19 08:00:00,0.00010000
2020-10-19 16:00:00,0.00010000
2020-10-20 00:00:00,0.00010000
2020-10-20 08:00:00,0.00010000
2020-10-20 16:00:00,0.00003742
2020-10-21 00:00:00,0.00002291
2020-10-21 08:00:00,0.00007487
2020-10-21 16:00:00,0.00010000
2020-10-22 00:00:00,0.00010000
2020-10-22 08:00:00,0.00010000
2020-10-22 16:00:00,0.00010000
2020-10-23 00:00:00,0.00010000
2020-10-23 08:00:00,0.00010000
2020-10-23 16:00:00,0.00010000
2020-10-24 00:00:00,0.00010000
2020-10-24 08:00:00,0.00010000
2020-10-24 16:00:00,0.00010000
2020-10-25 00:00:00,0.00010000
2020-10-25 08:00:00,0.00010000
2020-10-25 16:00:00,0.00010000
2020-10-26 00:00:00,0.00010000
2020-10-26 08:00:00,0.00010000
2020-10-26 16:00:00,0.00010000
2020-10-27 00:00:00,0.00009274
2020-10-27 08:00:00,0.00006127
2020-10-27 16:00:00,0.00010000
2020-10-28 00:00:00,0.00003725
2020-10-28 08:00:00,0.00010000
2020-10-28 16:00:00,0.00010000
2020-10-29 00:00:00,-0.00026006
2020-10-29 08:00:00,-0.00008052
2020-10-29 16:00:00,-0.00003189
2020-10-30 00:00:00,-0.00015268
2020-10-30 08:00:00,-0.00000968
2020-10-30 16:00:00,-0.00013414
2020-10-31 00:00:00,-0.00024694
2020-10-31 08:00:00,-0.00016865
2020-10-31 16:00:00,0.00009204
2020-11-01 00:00:00,-0.00006386
2020-11-01 08:00:00,-0.00004096
2020-11-01 16:00:00,-0.00005043
2020-11-02 00:00:00,0.00007881
2020-11-02 08:00:00,-0.00003275
2020-11-02 16:00:00,0.00008717
2020-11-03 00:00:00,-0.00017064
2020-11-03 08:00:00,-0.00000467
2020-11-03 16:00:00,-0.00008581
2020-11-04 00:00:00,-0.00007816
2020-11-04 08:00:00,-0.00002648
2020-11-04 16:00:00,-0.00023791
2020-11-05 00:00:00,0.00010000
2020-11-05 08:00:00,0.00010000
2020-11-05 16:00:00,0.00010000
2020-11-06 00:00:00,0.00010000
2020-11-06 08:00:00,0.00023315
2020-11-06 16:00:00,0.00034290
2020-11-07 00:00:00,0.00024948
2020-11-07 08:00:00,0.00037914
2020-11-07 16:00:00,0.00035890
2020-11-08 00:00:00,0.00010000
2020-11-08 08:00:00,0.00010000
2020-11-08 16:00:00,0.00010000
2020-11-09 00:00:00,0.00010000
2020-11-09 08:00:00,0.00010000
2020-11-09 16:00:00,0.00010000
2020-11-10 00:00:00,0.00010000
2020-11-10 08:00:00,0.00010000
2020-11-10 16:00:00,0.00010000
2020-11-11 00:00:00,0.00010000
2020-11-11 08:00:00,0.00010000
2020-11-11 16:00:00,0.00010000
2020-11-12 00:00:00,0.00010000
2020-11-12 08:00:00,0.00010000
2020-11-12 16:00:00,0.00010000
2020-11-13 00:00:00,0.00010000
2020-11-13 08:00:00,0.00010000
2020-11-13 16:00:00,0.00010000
2020-11-14 00:00:00,0.00010000
2020-11-14 08:00:00,0.00010000
2020-11-14 16:00:00,0.00004277
2020-11-15 00:00:00,0.00010000
2020-11-15 08:00:00,0.00010000
2020-11-15 16:00:00,0.00010000
2020-11-16 00:00:00,0.00010000
2020-11-16 08:00:00,0.00010000
2020-11-16 16:00:00,0.00010000
2020-11-17 00:00:00,0.00010000
2020-11-17 08:00:00,0.00010000
2020-11-17 16:00:00,0.00010000
2020-11-18 00:00:00,0.00021138
2020-11-18 08:00:00,0.00057572
2020-11-18 16:00:00,0.00021486
2020-11-19 00:00:00,0.00010000
2020-11-19 08:00:00,0.00025015
2020-11-19 16:00:00,0.00052207
2020-11-20 00:00:00,0.00036650
2020-11-20 08:00:00,0.00039647
2020-11-20 16:00:00,0.00038617
2020-11-21 00:00:00,0.00010000
2020-11-21 08:00:00,0.00010000
2020-11-21 16:00:00,0.00059438
2020-11-22 00:00:00,0.00080363
2020-11-22 08:00:00,0.00086985
2020-11-22 16:00:00,0.00066537
2020-11-23 00:00:00,0.00101151
2020-11-23 08:00:00,0.00076207
2020-11-23 16:00:00,0.00108391
2020-11-24 00:00:00,0.00050801
2020-11-24 08:00:00,0.00060366
2020-11-24 16:00:00,0.00081176
2020-11-25 00:00:00,0.00084235
2020-11-25 08:00:00,0.00038079
2020-11-25 16:00:00,0.00075292
2020-11-26 00:00:00,0.00035414
2020-11-26 08:00:00,0.00013130
2020-11-26 16:00:00,0.00028796
2020-11-27 00:00:00,0.00010773
2020-11-27 08:00:00,0.00010000
2020-11-27 16:00:00,0.00010000
2020-11-28 00:00:00,0.00010000
2020-11-28 08:00:00,0.00010000
2020-11-28 16:00:00,0.00010000
2020-11-29 00:00:00,0.00010000
2020-11-29 08:00:00,0.00010000
2020-11-29 16:00:00,0.00010000
2020-11-30 00:00:00,0.00010000
2020-11-30 08:00:00,0.00010000
2020-11-30 16:00:00,0.00029481
2020-12-01 00:00:00,0.00045929
2020-12-01 08:00:00,0.00043287
2020-12-01 16:00:00,0.00011546
2020-12-02 00:00:00,0.00010000
2020-12-02 08:00:00,0.00010000
2020-12-02 16:00:00,0.00010000
2020-12-03 00:00:00,0.00010000
2020-12-03 08:00:00,0.00010000
2020-12-03 16:00:00,0.00025455
2020-12-04 00:00:00,0.00012703
2020-12-04 08:00:00,0.00010000
2020-12-04 16:00:00,0.00010000
2020-12-05 00:00:00,0.00010000
2020-12-05 08:00:00,0.00010000
2020-12-05 16:00:00,0.00010000
2020-12-06 00:00:00,0.00010000
2020-12-06 08:00:00,0.00010000
2020-12-06 16:00:00,0.00010000
2020-12-07 00:00:00,0.00010000
2020-12-07 08:00:00,0.00010000
2020-12-07 16:00:00,0.00010000
2020-12-08 00:00:00,0.00010000
2020-12-08 08:00:00,0.00010000
2020-12-08 16:00:00,0.00010000
2020-12-09 00:00:00,0.00010000
2020-12-09 08:00:00,0.00010000
2020-12-09 16:00:00,0.00010000
2020-12-10 00:00:00,0.00010000
2020-12-10 08:00:00,0.00010000
2020-12-10 16:00:00,0.00010000
2020-12-11 00:00:00,0.00010000
2020-12-11 08:00:00,0.00010000
2020-12-11 16:00:00,0.00010000
2020-12-12 00:00:00,0.00010000
2020-12-12 08:00:00,-0.00002135
2020-12-12 16:00:00,0.00004314
2020-12-13 00:00:00,0.00010000
2020-12-13 08:00:00,0.00010000
2020-12-13 16:00:00,0.00010000
2020-12-14 00:00:00,0.00010000
2020-12-14 08:00:00,0.00010000
2020-12-14 16:00:00,0.00010000
2020-12-15 00:00:00,0.00010000
2020-12-15 08:00:00,0.00010000
2020-12-15 16:00:00,0.00010000
2020-12-16 00:00:00,0.00010000
2020-12-16 08:00:00,0.00010000
2020-12-16 16:00:00,0.00046054
2020-12-17 00:00:00,0.00010000
2020-12-17 08:00:00,0.00021355
2020-12-17 16:00:00,0.00054618
2020-12-18 00:00:00,0.00028532
2020-12-18 08:00:00,0.00053548
2020-12-18 16:00:00,0.00045032
2020-12-19 00:00:00,0.00010000
2020-12-19 08:00:00,0.00038032
2020-12-19 16:00:00,0.00070544
2020-12-20 00:00:00,0.00078228
2020-12-20 08:00:00,0.00037486
2020-12-20 16:00:00,0.00038896
2020-12-21 00:00:00,0.00041795
2020-12-21 08:00:00,0.00030249
2020-12-21 16:00:00,0.00023741
2020-12-22 00:00:00,0.00010000
2020-12-22 08:00:00,0.00010000
2020-12-22 16:00:00,0.00019956
2020-12-23 00:00:00,0.00011310
2020-12-23 08:00:00,0.00010000
2020-12-23 16:00:00,0.00010214
2020-12-24 00:00:00,0.00010000
2020-12-24 08:00:00,0.00010000
2020-12-24 16:00:00,0.00027216
2020-12-25 00:00:00,0.00018528
2020-12-25 08:00:00,0.00010000
2020-12-25 16:00:00,0.00034905
2020-12-26 00:00:00,0.00010000
2020-12-26 08:00:00,0.00016965
2020-12-26 16:00:00,0.00010000
2020-12-27 00:00:00,0.00019940
2020-12-27 08:00:00,0.00025468
2020-12-27 16:00:00,0.00071164
2020-12-28 00:00:00,0.00043463
2020-12-28 08:00:00,0.00036133
2020-12-28 16:00:00,0.00071278
2020-12-29 00:00:00,0.00037693
2020-12-29 08:00:00,0.00048930
2020-12-29 16:00:00,0.00039914
2020-12-30 00:00:00,0.00048979
2020-12-30 08:00:00,0.00076836
2020-12-30 16:00:00,0.00062880
2020-12-31 00:00:00,0.00053292
2020-12-31 08:00:00,0.00060345
2020-12-31 16:00:00,0.00036744
2021-01-01 00:00:00,0.00022753
2021-01-01 08:00:00,0.00026336
2021-01-01 16:00:00,0.00034457
2021-01-02 00:00:00,0.00010000
2021-01-02 08:00:00,0.00020151
2021-01-02 16:00:00,0.00115471
2021-01-03 00:00:00,0.00124058
2021-01-03 08:00:00,0.00114744
2021-01-03 16:00:00,0.00155006
2021-01-04 00:00:00,0.00164126
2021-01-04 08:00:00,0.00236482
2021-01-04 16:00:00,0.00056137
2021-01-05 00:00:00,0.00088338
2021-01-05 08:00:00,0.00047166
2021-01-05 16:00:00,0.00062904
2021-01-06 00:00:00,0.00127193
2021-01-06 08:00:00,0.00210008
2021-01-06 16:00:00,0.00149253
2021-01-07 00:00:00,0.00100316
2021-01-07 08:00:00,0.00142744
2021-01-07 16:00:00,0.00099841
2021-01-08 00:00:00,0.00213517
2021-01-08 08:00:00,0.00092044
2021-01-08 16:00:00,0.00131892
2021-01-09 00:00:00,0.00062954
2021-01-09 08:00:00,0.00066918
2021-01-09 16:00:00,0.00146942
2021-01-10 00:00:00,0.00145604
2021-01-10 08:00:00,0.00120632
2021-01-10 16:00:00,0.00052988
2021-01-11 00:00:00,0.00086486
2021-01-11 08:00:00,0.00081553
2021-01-11 16:00:00,0.00053444
2021-01-12 00:00:00,0.00033526
2021-01-12 08:00:00,0.00050855
2021-01-12 16:00:00,0.00054945
2021-01-13 00:00:00,0.00014768
2021-01-13 08:00:00,0.00022590
2021-01-13 16:00:00,0.00070530
2021-01-14 00:00:00,0.00078331
2021-01-14 08:00:00,0.00072627
2021-01-14 16:00:00,0.00068503
2021-01-15 00:00:00,0.00055628
2021-01-15 08:00:00,0.00064483
2021-01-15 16:00:00,0.00118185
2021-01-16 00:00:00,0.00010000
2021-01-16 08:00:00,0.00032573
2021-01-16 16:00:00,0.00068496
2021-01-17 00:00:00,0.00033109
2021-01-17 08:00:00,0.00030276
2021-01-17 16:00:00,0.00010000
2021-01-18 00:00:00,0.00055375
2021-01-18 08:00:00,0.00049321
2021-01-18 16:00:00,0.00103550
2021-01-19 00:00:00,0.00061670
2021-01-19 08:00:00,0.00140090
2021-01-19 16:00:00,0.00158467
2021-01-20 00:00:00,0.00088178
2021-01-20 08:00:00,0.00017967
2021-01-20 16:00:00,0.00016482
2021-01-21 00:00:00,0.00042078
2021-01-21 08:00:00,0.00048357
2021-01-21 16:00:00,0.00026589
2021-01-22 00:00:00,0.00010000
2021-01-22 08:00:00,0.00010000
2021-01-22 16:00:00,0.00010000
2021-01-23 00:00:00,0.00010000
2021-01-23 08:00:00,0.00012182
2021-01-23 16:00:00,0.00010000
2021-01-24 00:00:00,0.00010000
2021-01-24 08:00:00,0.00014368
2021-01-24 16:00:00,0.00041388
2021-01-25 00:00:00,0.00010000
2021-01-25 08:00:00,0.00052253
2021-01-25 16:00:00,0.00042414
2021-01-26 00:00:00,0.00013506
2021-01-26 08:00:00,0.00010000
2021-01-26 16:00:00,0.00010000
2021-01-27 00:00:00,0.00010000
2021-01-27 08:00:00,0.00010000
2021-01-27 16:00:00,0.00010000
2021-01-28 00:00:00,0.00010000
2021-01-28 08:00:00,0.00010000
2021-01-28 16:00:00,0.00022262
2021-01-29 00:00:00,0.00010000
2021-01-29 08:00:00,0.00064803
2021-01-29 16:00:00,0.00166789
2021-01-30 00:00:00,0.00039208
2021-01-30 08:00:00,0.00033200
2021-01-30 16:00:00,0.00052428
2021-01-31 00:00:00,0.00054944
2021-01-31 08:00:00,0.00046117
2021-01-31 16:00:00,0.00044234
2021-02-01 00:00:00,0.00013932
2021-02-01 08:00:00,0.00037561
2021-02-01 16:00:00,0.00066848
2021-02-02 00:00:00,0.00036787
2021-02-02 08:00:00,0.00044278
2021-02-02 16:00:00,0.00122181
2021-02-03 00:00:00,0.00077297
2021-02-03 08:00:00,0.00080805
2021-02-03 16:00:00,0.00075287
2021-02-04 00:00:00,0.00029063
2021-02-04 08:00:00,0.00074286
2021-02-04 16:00:00,0.00061936
2021-02-05 00:00:00,0.00056635
2021-02-05 08:00:00,0.00074838
2021-02-05 16:00:00,0.00099154
2021-02-06 00:00:00,0.00034782
2021-02-06 08:00:00,0.00069827
2021-02-06 16:00:00,0.00102371
2021-02-07 00:00:00,0.00155546
2021-02-07 08:00:00,0.00065121
2021-02-07 16:00:00,0.00106206
2021-02-08 00:00:00,0.00059267
2021-02-08 08:00:00,0.00057887
2021-02-08 16:00:00,0.00248993
2021-02-09 00:00:00,0.00131125
2021-02-09 08:00:00,0.00186573
2021-02-09 16:00:00,0.00161159
2021-02-10 00:00:00,0.00124313
2021-02-10 08:00:00,0.00175350
2021-02-10 16:00:00,0.00112397
2021-02-11 00:00:00,0.00076742
2021-02-11 08:00:00,0.00083070
2021-02-11 16:00:00,0.00174110
2021-02-12 00:00:00,0.00128772
2021-02-12 08:00:00,0.00125630
2021-02-12 16:00:00,0.00105533
2021-02-13 00:00:00,0.00139999
2021-02-13 08:00:00,0.00141609
2021-02-13 16:00:00,0.00075946
2021-02-14 00:00:00,0.00085048
2021-02-14 08:00:00,0.00146185
2021-02-14 16:00:00,0.00149489
2021-02-15 00:00:00,0.00117860
2021-02-15 08:00:00,0.00040617
2021-02-15 16:00:00,0.00068133
2021-02-16 00:00:00,0.00099600
2021-02-16 08:00:00,0.00123546
2021-02-16 16:00:00,0.00141818
2021-02-17 00:00:00,0.00104066
2021-02-17 08:00:00,0.00093436
2021-02-17 16:00:00,0.00147112
2021-02-18 00:00:00,0.00132249
2021-02-18 08:00:00,0.00154303
2021-02-18 16:00:00,0.00125842
2021-02-19 00:00:00,0.00091255
2021-02-19 08:00:00,0.00084526
2021-02-19 16:00:00,0.00128791
2021-02-20 00:00:00,0.00156318
2021-02-20 08:00:00,0.00116465
2021-02-20 16:00:00,0.00122535
2021-02-21 00:00:00,0.00100357
2021-02-21 08:00:00,0.00099022
2021-02-21 16:00:00,0.00125820
2021-02-22 00:00:00,0.00117049
2021-02-22 08:00:00,0.00091782
2021-02-22 16:00:00,0.00077864
2021-02-23 00:00:00,0.00024947
2021-02-23 08:00:00,0.00029620
2021-02-23 16:00:00,0.00013281
2021-02-24 00:00:00,0.00010000
2021-02-24 08:00:00,0.00051791
2021-02-24 16:00:00,0.00037289
2021-02-25 00:00:00,0.00017706
2021-02-25 08:00:00,0.00018247
2021-02-25 16:00:00,0.00034053
2021-02-26 00:00:00,0.00010000
2021-02-26 08:00:00,0.00010000
2021-02-26 16:00:00,0.00010000
2021-02-27 00:00:00,0.00030164
2021-02-27 08:00:00,0.00044570
2021-02-27 16:00:00,0.00010038
2021-02-28 00:00:00,0.00010000
2021-02-28 08:00:00,0.00010000
2021-02-28 16:00:00,0.00037706
2021-03-01 00:00:00,0.00016921
2021-03-01 08:00:00,0.00010000
2021-03-01 16:00:00,0.00010000
2021-03-02 00:00:00,0.00010000
2021-03-02 08:00:00,0.00010000
2021-03-02 16:00:00,0.00010000
2021-03-03 00:00:00,0.00010000
2021-03-03 08:00:00,0.00010000
2021-03-03 16:00:00,0.00045078
2021-03-04 00:00:00,0.00010000
2021-03-04 08:00:00,0.00010000
2021-03-04 16:00:00,0.00010000
2021-03-05 00:00:00,0.00010000
2021-03-05 08:00:00,0.00010000
2021-03-05 16:00:00,0.00010000
2021-03-06 00:00:00,0.00010000
2021-03-06 08:00:00,0.00010000
2021-03-06 16:00:00,0.00010000
2021-03-07 00:00:00,0.00010000
2021-03-07 08:00:00,0.00010000
2021-03-07 16:00:00,0.00017606
2021-03-08 00:00:00,0.00010000
2021-03-08 08:00:00,0.00010000
2021-03-08 16:00:00,0.00024757
2021-03-09 00:00:00,0.00072419
2021-03-09 08:00:00,0.00041976
2021-03-09 16:00:00,0.00057038
2021-03-10 00:00:00,0.00024344
2021-03-10 08:00:00,0.00048586
2021-03-10 16:00:00,0.00056915
2021-03-11 00:00:00,0.00095931
2021-03-11 08:00:00,0.00099305
2021-03-11 16:00:00,0.00085439
2021-03-12 00:00:00,0.00102002
2021-03-12 08:00:00,0.00067147
2021-03-12 16:00:00,0.00051199
2021-03-13 00:00:00,0.00047834
2021-03-13 08:00:00,0.00060567
2021-03-13 16:00:00,0.00057114
2021-03-14 00:00:00,0.00081828
2021-03-14 08:00:00,0.00084593
2021-03-14 16:00:00,0.00115069
2021-03-15 00:00:00,0.00082010
2021-03-15 08:00:00,0.00105210
2021-03-15 16:00:00,0.00015776
2021-03-16 00:00:00,0.00022573
2021-03-16 08:00:00,0.00035862
2021-03-16 16:00:00,0.00040673
2021-03-17 00:00:00,0.00035367
2021-03-17 08:00:00,0.00019234
2021-03-17 16:00:00,0.00024575
2021-03-18 00:00:00,0.00030265
2021-03-18 08:00:00,0.00029259
2021-03-18 16:00:00,0.00032547
2021-03-19 00:00:00,0.00032006
2021-03-19 08:00:00,0.00012887
2021-03-19 16:00:00,0.00033260
2021-03-20 00:00:00,0.00049280
2021-03-20 08:00:00,0.00044452
2021-03-20 16:00:00,0.00048936
2021-03-21 00:00:00,0.00031366
2021-03-21 08:00:00,0.00042375
2021-03-21 16:00:00,0.00010000
2021-03-22 00:00:00,0.00051919
2021-03-22 08:00:00,0.00045562
2021-03-22 16:00:00,0.00048977
2021-03-23 00:00:00,0.00024210
2021-03-23 08:00:00,0.00026619
2021-03-23 16:00:00,0.00042245
2021-03-24 00:00:00,0.00053454
2021-03-24 08:00:00,0.00016567
2021-03-24 16:00:00,0.00026422
2021-03-25 00:00:00,0.00011828
2021-03-25 08:00:00,0.00010000
2021-03-25 16:00:00,0.00010000
2021-03-26 00:00:00,0.00016000
2021-03-26 08:00:00,0.00010000
2021-03-26 16:00:00,0.00010000
2021-03-27 00:00:00,0.00010000
2021-03-27 08:00:00,0.00010000
2021-03-27 16:00:00,0.00010000
2021-03-28 00:00:00,0.00010000
2021-03-28 08:00:00,0.00010000
2021-03-28 16:00:00,0.00010000
2021-03-29 00:00:00,0.00010000
2021-03-29 08:00:00,0.00010000
2021-03-29 16:00:00,0.00018171
2021-03-30 00:00:00,0.00032026
2021-03-30 08:00:00,0.00027258
2021-03-30 16:00:00,0.00083501
2021-03-31 00:00:00,0.00080754
2021-03-31 08:00:00,0.00070889
2021-03-31 16:00:00,0.00058414
2021-04-01 00:00:00,0.00109277
2021-04-01 08:00:00,0.00095247
2021-04-01 16:00:00,0.00051932
2021-04-02 00:00:00,0.00071058
2021-04-02 08:00:00,0.00106221
2021-04-02 16:00:00,0.00101970
2021-04-03 00:00:00,0.00063267
2021-04-03 08:00:00,0.00107843
2021-04-03 16:00:00,0.00101313
2021-04-04 00:00:00,0.00052090
2021-04-04 08:00:00,0.00048495
2021-04-04 16:00:00,0.00026521
2021-04-05 00:00:00,0.00039464
2021-04-05 08:00:00,0.00043217
2021-04-05 16:00:00,0.00037409
2021-04-06 00:00:00,0.00097189
2021-04-06 08:00:00,0.00057776
2021-04-06 16:00:00,0.00083736
2021-04-07 00:00:00,0.00057609
2021-04-07 08:00:00,0.00053749
2021-04-07 16:00:00,0.00053660
2021-04-08 00:00:00,0.00040784
2021-04-08 08:00:00,0.00024943
2021-04-08 16:00:00,0.00026225
2021-04-09 00:00:00,0.00019611
2021-04-09 08:00:00,0.00026301
2021-04-09 16:00:00,0.00021785
2021-04-10 00:00:00,0.00012959
2021-04-10 08:00:00,0.00148624
2021-04-10 16:00:00,0.00119652
2021-04-11 00:00:00,0.00086735
2021-04-11 08:00:00,0.00099427
2021-04-11 16:00:00,0.00105998
2021-04-12 00:00:00,0.00093793
2021-04-12 08:00:00,0.00106358
2021-04-12 16:00:00,0.00094343
2021-04-13 00:00:00,0.00084072
2021-04-13 08:00:00,0.00089928
2021-04-13 16:00:00,0.00122670
2021-04-14 00:00:00,0.00090508
2021-04-14 08:00:00,0.00108567
2021-04-14 16:00:00,0.00104786
2021-04-15 00:00:00,0.00076335
2021-04-15 08:00:00,0.00082082
2021-04-15 16:00:00,0.00110324
2021-04-16 00:00:00,0.00109647
2021-04-16 08:00:00,0.00120022
2021-04-16 16:00:00,0.00115519
2021-04-17 00:00:00,0.00054906
2021-04-17 08:00:00,0.00054007
2021-04-17 16:00:00,0.00087572
2021-04-18 00:00:00,0.00081624
2021-04-18 08:00:00,0.00058448
2021-04-18 16:00:00,0.00010000
2021-04-19 00:00:00,0.00010000
2021-04-19 08:00:00,0.00010000
2021-04-19 16:00:00,0.00010000
2021-04-20 00:00:00,0.00010000
2021-04-20 08:00:00,0.00010000
2021-04-20 16:00:00,0.00010000
2021-04-21 00:00:00,0.00010000
2021-04-21 08:00:00,0.00010000
2021-04-21 16:00:00,0.00010000
2021-04-22 00:00:00,0.00010000
2021-04-22 08:00:00,0.00010000
2021-04-22 16:00:00,0.00010000
2021-04-23 00:00:00,0.00010000
2021-04-23 08:00:00,0.00047618
2021-04-23 16:00:00,0.00010000
2021-04-24 00:00:00,0.00010000
2021-04-24 08:00:00,0.00027672
2021-04-24 16:00:00,0.00016760
2021-04-25 00:00:00,0.00021700
2021-04-25 08:00:00,0.00038558
2021-04-25 16:00:00,0.00010000
2021-04-26 00:00:00,0.00010000
2021-04-26 08:00:00,0.00010000
2021-04-26 16:00:00,0.00010000
2021-04-27 00:00:00,0.00010000
2021-04-27 08:00:00,0.00010000
2021-04-27 16:00:00,0.00010000
2021-04-28 00:00:00,0.00010000
2021-04-28 08:00:00,0.00010000
2021-04-28 16:00:00,0.00010000
2021-04-29 00:00:00,0.00010000
2021-04-29 08:00:00,0.00010000
2021-04-29 16:00:00,0.00010000
2021-04-30 00:00:00,0.00010000
2021-04-30 08:00:00,0.00010000
2021-04-30 16:00:00,0.00010000
2021-05-01 00:00:00,0.00011209
2021-05-01 08:00:00,0.00010000
2021-05-01 16:00:00,0.00032496
2021-05-02 00:00:00,0.00015819
2021-05-02 08:00:00,0.00045285
2021-05-02 16:00:00,0.00045283
2021-05-03 00:00:00,0.00040313
2021-05-03 08:00:00,0.00036188
2021-05-03 16:00:00,0.00067307
2021-05-04 00:00:00,0.00050959
2021-05-04 08:00:00,0.00012186
2021-05-04 16:00:00,0.00066426
2021-05-05 00:00:00,0.00044701
2021-05-05 08:00:00,0.00042458
2021-05-05 16:00:00,0.00011734
2021-05-06 00:00:00,0.00076121
2021-05-06 08:00:00,0.00059968
2021-05-06 16:00:00,0.00093520
2021-05-07 00:00:00,0.00044645
2021-05-07 08:00:00,0.00053313
2021-05-07 16:00:00,0.00017144
2021-05-08 00:00:00,0.00059370
2021-05-08 08:00:00,0.00046279
2021-05-08 16:00:00,0.00046426
2021-05-09 00:00:00,0.00048942
2021-05-09 08:00:00,0.00043845
2021-05-09 16:00:00,0.00063864
2021-05-10 00:00:00,0.00033531
2021-05-10 08:00:00,0.00090258
2021-05-10 16:00:00,0.00098653
2021-05-11 00:00:00,0.00039557
2021-05-11 08:00:00,0.00050874
2021-05-11 16:00:00,0.00025625
2021-05-12 00:00:00,0.00016659
2021-05-12 08:00:00,0.00033736
2021-05-12 16:00:00,0.00039761
2021-05-13 00:00:00,0.00011638
2021-05-13 08:00:00,0.00010000
2021-05-13 16:00:00,0.00022863
2021-05-14 00:00:00,0.00040040
2021-05-14 08:00:00,0.00035219
2021-05-14 16:00:00,0.00015069
2021-05-15 00:00:00,0.00010000
2021-05-15 08:00:00,0.00010123
2021-05-15 16:00:00,0.00020153
2021-05-16 00:00:00,0.00040248
2021-05-16 08:00:00,0.00016682
2021-05-16 16:00:00,0.00036196
2021-05-17 00:00:00,0.00010000
2021-05-17 08:00:00,0.00063989
2021-05-17 16:00:00,0.00059294
2021-05-18 00:00:00,0.00054643
2021-05-18 08:00:00,0.00014723
2021-05-18 16:00:00,0.00021809
2021-05-19 00:00:00,0.00010000
2021-05-19 08:00:00,0.00035813
2021-05-19 16:00:00,-0.00089697
2021-05-20 00:00:00,0.00010000
2021-05-20 08:00:00,0.00010000
2021-05-20 16:00:00,0.00010000
2021-05-21 00:00:00,0.00010000
2021-05-21 08:00:00,-0.00001001
2021-05-21 16:00:00,0.00007546
2021-05-22 00:00:00,-0.00024448
2021-05-22 08:00:00,0.00010000
2021-05-22 16:00:00,0.00010000
2021-05-23 00:00:00,-0.00005011
2021-05-23 08:00:00,-0.00001059
2021-05-23 16:00:00,0.00004696
2021-05-24 00:00:00,-0.00008534
2021-05-24 08:00:00,-0.00009905
2021-05-24 16:00:00,0.00002089
2021-05-25 00:00:00,0.00010000
2021-05-25 08:00:00,0.00010000
2021-05-25 16:00:00,0.00010000
2021-05-26 00:00:00,0.00010000
2021-05-26 08:00:00,0.00010000
2021-05-26 16:00:00,0.00010000
2021-05-27 00:00:00,0.00010000
2021-05-27 08:00:00,0.00010000
2021-05-27 16:00:00,0.00010000
2021-05-28 00:00:00,0.00010000
2021-05-28 08:00:00,0.00010000
2021-05-28 16:00:00,0.00010000
2021-05-29 00:00:00,0.00010000
2021-05-29 08:00:00,0.00010000
2021-05-29 16:00:00,0.00010375
2021-05-30 00:00:00,0.00010000
2021-05-30 08:00:00,0.00010000
2021-05-30 16:00:00,0.00010000
2021-05-31 00:00:00,0.00010000
2021-05-31 08:00:00,0.00010000
2021-05-31 16:00:00,0.00010000
2021-06-01 00:00:00,0.00010000
2021-06-01 08:00:00,0.00010000
2021-06-01 16:00:00,0.00010000
2021-06-02 00:00:00,0.00010000
2021-06-02 08:00:00,0.00010000
2021-06-02 16:00:00,0.00010000
2021-06-03 00:00:00,0.00010000
2021-06-03 08:00:00,0.00010000
2021-06-03 16:00:00,0.00010000
2021-06-04 00:00:00,0.00010000
2021-06-04 08:00:00,0.00020566
2021-06-04 16:00:00,0.00010000
2021-06-05 00:00:00,0.00010000
2021-06-05 08:00:00,0.00010000
2021-06-05 16:00:00,0.00010000
2021-06-06 00:00:00,0.00010000
2021-06-06 08:00:00,0.00010000
2021-06-06 16:00:00,0.00010000
2021-06-07 00:00:00,0.00010000
2021-06-07 08:00:00,0.00010000
2021-06-07 16:00:00,0.00010000
2021-06-08 00:00:00,0.00010000
2021-06-08 08:00:00,0.00001015
2021-06-08 16:00:00,0.00010000
2021-06-09 00:00:00,0.00010000
2021-06-09 08:00:00,-0.00005397
2021-06-09 16:00:00,-0.00014842
2021-06-10 00:00:00,-0.00016793
2021-06-10 08:00:00,0.00006027
2021-06-10 16:00:00,0.00010000
2021-06-11 00:00:00,0.00010000
2021-06-11 08:00:00,0.00002612
2021-06-11 16:00:00,0.00004776
2021-06-12 00:00:00,-0.00007780
2021-06-12 08:00:00,0.00010000
2021-06-12 16:00:00,-0.00000814
2021-06-13 00:00:00,0.00009640
2021-06-13 08:00:00,0.00002852
2021-06-13 16:00:00,-0.00006559
2021-06-14 00:00:00,0.00010000
2021-06-14 08:00:00,0.00010000
2021-06-14 16:00:00,-0.00003144
2021-06-15 00:00:00,0.00008002
2021-06-15 08:00:00,0.00010000
2021-06-15 16:00:00,0.00010000
2021-06-16 00:00:00,0.00010000
2021-06-16 08:00:00,0.00010000
2021-06-16 16:00:00,0.00010000
2021-06-17 00:00:00,0.00010000
2021-06-17 08:00:00,0.00010000
2021-06-17 16:00:00,0.00010000
2021-06-18 00:00:00,0.00005342
2021-06-18 08:00:00,0.00000345
2021-06-18 16:00:00,0.00010000
2021-06-19 00:00:00,-0.00005205
2021-06-19 08:00:00,-0.00009441
2021-06-19 16:00:00,0.00007475
2021-06-20 00:00:00,0.00010000
2021-06-20 08:00:00,0.00010000
2021-06-20 16:00:00,-0.00018437
2021-06-21 00:00:00,-0.00001617
2021-06-21 08:00:00,0.00010000
2021-06-21 16:00:00,-0.00019854
2021-06-22 00:00:00,0.00007947
2021-06-22 08:00:00,0.00010000
2021-06-22 16:00:00,-0.00032806
2021-06-23 00:00:00,0.00000067
2021-06-23 08:00:00,-0.00013693
2021-06-23 16:00:00,-0.00019895
2021-06-24 00:00:00,-0.00007785
2021-06-24 08:00:00,0.00010000
2021-06-24 16:00:00,-0.00018863
2021-06-25 00:00:00,0.00002372
2021-06-25 08:00:00,0.00010000
2021-06-25 16:00:00,0.00010000
2021-06-26 00:00:00,-0.00011029
2021-06-26 08:00:00,-0.00013121
2021-06-26 16:00:00,-0.00010371
2021-06-27 00:00:00,-0.00023578
2021-06-27 08:00:00,-0.00052905
2021-06-27 16:00:00,-0.00026102
2021-06-28 00:00:00,-0.00002914
2021-06-28 08:00:00,0.00003312
2021-06-28 16:00:00,0.00010000
2021-06-29 00:00:00,0.00008346
2021-06-29 08:00:00,0.00010000
2021-06-29 16:00:00,0.00003883
2021-06-30 00:00:00,0.00010000
2021-06-30 08:00:00,0.00010000
2021-06-30 16:00:00,0.00010000
2021-07-01 00:00:00,0.00010000
2021-07-01 08:00:00,0.00010000
2021-07-01 16:00:00,0.00010000
2021-07-02 00:00:00,0.00008304
2021-07-02 08:00:00,0.00010000
2021-07-02 16:00:00,-0.00012187
2021-07-03 00:00:00,-0.00004866
2021-07-03 08:00:00,-0.00013550
2021-07-03 16:00:00,0.00003530
2021-07-04 00:00:00,0.00003235
2021-07-04 08:00:00,-0.00015270
2021-07-04 16:00:00,0.00004428
2021-07-05 00:00:00,0.00010000
2021-07-05 08:00:00,0.00010000
2021-07-05 16:00:00,-0.00010440
2021-07-06 00:00:00,-0.00000681
2021-07-06 08:00:00,-0.00011140
2021-07-06 16:00:00,-0.00008213
2021-07-07 00:00:00,-0.00013362
2021-07-07 08:00:00,0.00010000
2021-07-07 16:00:00,0.00010000
2021-07-08 00:00:00,0.00001382
2021-07-08 08:00:00,-0.00006403
2021-07-08 16:00:00,-0.00028080
2021-07-09 00:00:00,-0.00010885
2021-07-09 08:00:00,-0.00017364
2021-07-09 16:00:00,-0.00018845
2021-07-10 00:00:00,-0.00000081
2021-07-10 08:00:00,0.00007847
2021-07-10 16:00:00,0.00000072
2021-07-11 00:00:00,0.00007785
2021-07-11 08:00:00,0.00010000
2021-07-11 16:00:00,-0.00003373
2021-07-12 00:00:00,0.00008851
2021-07-12 08:00:00,0.00003463
2021-07-12 16:00:00,0.00010000
2021-07-13 00:00:00,0.00010000
2021-07-13 08:00:00,0.00010000
2021-07-13 16:00:00,0.00000052
2021-07-14 00:00:00,0.00010000
2021-07-14 08:00:00,0.00001317
2021-07-14 16:00:00,-0.00011753
2021-07-15 00:00:00,-0.00004883
2021-07-15 08:00:00,0.00010000
2021-07-15 16:00:00,0.00001576
2021-07-16 00:00:00,-0.00011529
2021-07-16 08:00:00,0.00006105
2021-07-16 16:00:00,0.00001073
2021-07-17 00:00:00,0.00010000
2021-07-17 08:00:00,-0.00004343
2021-07-17 16:00:00,0.00002365
2021-07-18 00:00:00,0.00010000
2021-07-18 08:00:00,0.00010000
2021-07-18 16:00:00,-0.00004434
2021-07-19 00:00:00,-0.00007510
2021-07-19 08:00:00,0.00003183
2021-07-19 16:00:00,-0.00001230
2021-07-20 00:00:00,-0.00015687
2021-07-20 08:00:00,-0.00012569
2021-07-20 16:00:00,-0.00018939
2021-07-21 00:00:00,-0.00022869
2021-07-21 08:00:00,-0.00039139
2021-07-21 16:00:00,-0.00032314
2021-07-22 00:00:00,-0.00016261
2021-07-22 08:00:00,0.00001362
2021-07-22 16:00:00,0.00001374
2021-07-23 00:00:00,0.00000344
2021-07-23 08:00:00,-0.00016985
2021-07-23 16:00:00,-0.00000990
2021-07-24 00:00:00,-0.00007246
2021-07-24 08:00:00,-0.00013379
2021-07-24 16:00:00,-0.00010603
2021-07-25 00:00:00,-0.00025685
2021-07-25 08:00:00,-0.00021708
2021-07-25 16:00:00,-0.00005198
2021-07-26 00:00:00,-0.00054841
2021-07-26 08:00:00,0.00010000
2019-09-10 08:00:00,0.00010000
2019-09-10 16:00:00,0.00010000
2019-09-11 00:00:00,0.00010000
2019-09-11 08:00:00,0.00010000
2019-09-11 16:00:00,0.00010000
2019-09-12 00:00:00,0.00010000
2019-09-12 08:00:00,0.00010000
2019-09-12 16:00:00,0.00010000
2019-09-13 00:00:00,0.00010000
2019-09-13 08:00:00,0.00010000
2019-09-13 16:00:00,0.00010000
2019-09-14 00:00:00,0.00010000
2019-09-14 08:00:00,0.00010000
2019-09-14 16:00:00,0.00010000
2019-09-15 00:00:00,0.00010000
2019-09-15 08:00:00,0.00010000
2019-09-15 16:00:00,0.00010000
2019-09-16 00:00:00,0.00010000
2019-09-16 08:00:00,0.00010000
2019-09-16 16:00:00,0.00010000
2019-09-17 00:00:00,0.00010000
2019-09-17 08:00:00,0.00010000
2019-09-17 16:00:00,0.00010000
2019-09-18 00:00:00,0.00010000
2019-09-18 08:00:00,0.00010000
2019-09-18 16:00:00,0.00010000
2019-09-19 00:00:00,0.00010000
2019-09-19 08:00:00,0.00010000
2019-09-19 16:00:00,0.00010000
2019-09-20 00:00:00,0.00010000
2019-09-20 08:00:00,0.00010000
2019-09-20 16:00:00,0.00010000
2019-09-21 00:00:00,0.00010000
2019-09-21 08:00:00,0.00010000
2019-09-21 16:00:00,0.00010000
2019-09-22 00:00:00,0.00010000
2019-09-22 08:00:00,0.00010000
2019-09-22 16:00:00,0.00010000
2019-09-23 00:00:00,0.00010000
2019-09-23 08:00:00,0.00010000
2019-09-23 16:00:00,0.00010000
2019-09-24 00:00:00,0.00010000
2019-09-24 08:00:00,0.00010000
2019-09-24 16:00:00,0.00010000
2019-09-25 00:00:00,0.00010000
2019-09-25 08:00:00,0.00010000
2019-09-25 16:00:00,0.00010000
2019-09-26 00:00:00,0.00010000
2019-09-26 08:00:00,0.00010000
2019-09-26 16:00:00,0.00010000
2019-09-27 00:00:00,0.00010000
2019-09-27 08:00:00,0.00010000
2019-09-27 16:00:00,0.00010000
2019-09-28 00:00:00,0.00010000
2019-09-28 08:00:00,0.00010000
2019-09-28 16:00:00,0.00010000
2019-09-29 00:00:00,0.00010000
2019-09-29 08:00:00,0.00010000
2019-09-29 16:00:00,0.00010000
2019-09-30 00:00:00,0.00010000
2019-09-30 08:00:00,0.00010000
2019-09-30 16:00:00,0.00010000
2019-10-01 00:00:00,0.00010000
2019-10-01 08:00:00,0.00010000
2019-10-01 16:00:00,0.00010000
2019-10-02 00:00:00,0.00010000
2019-10-02 08:00:00,0.00010000
2019-10-02 16:00:00,-0.00052458
2019-10-03 00:00:00,-0.00032220
2019-10-03 08:00:00,-0.00006876
2019-10-03 16:00:00,0.00010000
2019-10-04 00:00:00,0.00010000
2019-10-04 08:00:00,0.00003592
2019-10-04 16:00:00,-0.00013704
2019-10-05 00:00:00,-0.00025688
2019-10-05 08:00:00,-0.00022660
2019-10-05 16:00:00,-0.00001226
2019-10-06 00:00:00,-0.00011057
2019-10-06 08:00:00,-0.00003644
2019-10-06 16:00:00,0.00002715
2019-10-07 00:00:00,-0.00005063
2019-10-07 08:00:00,-0.00020006
2019-10-07 16:00:00,-0.00024859
2019-10-08 00:00:00,0.00010000
2019-10-08 08:00:00,0.00010000
2019-10-08 16:00:00,0.00010000
2019-10-09 00:00:00,0.00010000
2019-10-09 08:00:00,0.00010000
2019-10-09 16:00:00,0.00010000
2019-10-10 00:00:00,0.00010000
2019-10-10 08:00:00,0.00010000
2019-10-10 16:00:00,0.00010000
2019-10-11 00:00:00,0.00010000
2019-10-11 08:00:00,0.00010000
2019-10-11 16:00:00,0.00010000
2019-10-12 00:00:00,0.00010000
2019-10-12 08:00:00,0.00010000
2019-10-12 16:00:00,0.00010000
2019-10-13 00:00:00,0.00010000
2019-10-13 08:00:00,0.00010000
2019-10-13 16:00:00,0.00010000
2019-10-14 00:00:00,0.00010000
2019-10-14 08:00:00,0.00010000
2019-10-14 16:00:00,0.00010000
2019-10-15 00:00:00,0.00010000
2019-10-15 08:00:00,0.00010000
2019-10-15 16:00:00,0.00010000
2019-10-16 00:00:00,0.00010000
2019-10-16 08:00:00,0.00010000
2019-10-16 16:00:00,0.00010000
2019-10-17 00:00:00,0.00010000
2019-10-17 08:00:00,0.00010000
2019-10-17 16:00:00,0.00010000
2019-10-18 00:00:00,0.00010000
2019-10-18 08:00:00,0.00010000
2019-10-18 16:00:00,0.00010000
2019-10-19 00:00:00,0.00010000
2019-10-19 08:00:00,0.00010000
2019-10-19 16:00:00,0.00010000
2019-10-20 00:00:00,0.00010000
2019-10-20 08:00:00,0.00010000
2019-10-20 16:00:00,0.00010000
2019-10-21 00:00:00,0.00010000
2019-10-21 08:00:00,0.00010000
2019-10-21 16:00:00,0.00010000
2019-10-22 00:00:00,0.00010000
2019-10-22 08:00:00,0.00010000
2019-10-22 16:00:00,0.00010000
2019-10-23 00:00:00,0.00010000
2019-10-23 08:00:00,0.00010000
2019-10-23 16:00:00,0.00010000
2019-10-24 00:00:00,0.00010000
2019-10-24 08:00:00,0.00010000
2019-10-24 16:00:00,-0.00004395
2019-10-25 00:00:00,0.00010000
2019-10-25 08:00:00,0.00010000
2019-10-25 16:00:00,-0.00014709
2019-10-26 00:00:00,0.00010000
2019-10-26 08:00:00,0.00013709
2019-10-26 16:00:00,0.00030874
2019-10-27 00:00:00,0.00010000
2019-10-27 08:00:00,0.00018561
2019-10-27 16:00:00,0.00010000
2019-10-28 00:00:00,0.00012485
2019-10-28 08:00:00,0.00078363
2019-10-28 16:00:00,0.00073711
2019-10-29 00:00:00,0.00053797
2019-10-29 08:00:00,0.00016366
2019-10-29 16:00:00,0.00046967
2019-10-30 00:00:00,0.00025294
2019-10-30 08:00:00,0.00029030
2019-10-30 16:00:00,0.00052312
2019-10-31 00:00:00,0.00013170
2019-10-31 08:00:00,0.00038598
2019-10-31 16:00:00,0.00041061
2019-11-01 00:00:00,0.00015873
2019-11-01 08:00:00,0.00048728
2019-11-01 16:00:00,0.00010000
2019-11-02 00:00:00,0.00010000
2019-11-02 08:00:00,0.00010000
2019-11-02 16:00:00,0.00010000
2019-11-03 00:00:00,0.00010000
2019-11-03 08:00:00,0.00010000
2019-11-03 16:00:00,0.00010000
2019-11-04 00:00:00,0.00010000
2019-11-04 08:00:00,0.00010072
2019-11-04 16:00:00,0.00010000
2019-11-05 00:00:00,0.00010000
2019-11-05 08:00:00,0.00010000
2019-11-05 16:00:00,0.00010000
2019-11-06 00:00:00,0.00010000
2019-11-06 08:00:00,0.00010000
2019-11-06 16:00:00,0.00013877
2019-11-07 00:00:00,0.00027025
2019-11-07 08:00:00,0.00018004
2019-11-07 16:00:00,0.00019530
2019-11-08 00:00:00,0.00012500
2019-11-08 08:00:00,0.00010000
2019-11-08 16:00:00,0.00010000
2019-11-09 00:00:00,0.00010000
2019-11-09 08:00:00,0.00010000
2019-11-09 16:00:00,0.00010000
2019-11-10 00:00:00,0.00010000
2019-11-10 08:00:00,0.00010000
2019-11-10 16:00:00,0.00010000
2019-11-11 00:00:00,0.00010000
2019-11-11 08:00:00,0.00010000
2019-11-11 16:00:00,0.00010000
2019-11-12 00:00:00,0.00010000
2019-11-12 08:00:00,0.00010000
2019-11-12 16:00:00,0.00010000
2019-11-13 00:00:00,-0.00022089
2019-11-13 08:00:00,0.00010000
2019-11-13 16:00:00,0.00010000
2019-11-14 00:00:00,0.00010000
2019-11-14 08:00:00,0.00010000
2019-11-14 16:00:00,0.00010000
2019-11-15 00:00:00,0.00010000
2019-11-15 08:00:00,0.00010000
2019-11-15 16:00:00,0.00010000
2019-11-16 00:00:00,0.00010000
2019-11-16 08:00:00,0.00010000
2019-11-16 16:00:00,0.00010000
2019-11-17 00:00:00,0.00010000
2019-11-17 08:00:00,0.00010000
2019-11-17 16:00:00,0.00010000
2019-11-18 00:00:00,0.00010000
2019-11-18 08:00:00,0.00010000
2019-11-18 16:00:00,0.00010000
2019-11-19 00:00:00,0.00010000
2019-11-19 08:00:00,0.00010000
2019-11-19 16:00:00,0.00010000
2019-11-20 00:00:00,0.00010000
2019-11-20 08:00:00,0.00010000
2019-11-20 16:00:00,0.00010000
2019-11-21 00:00:00,0.00010000
2019-11-21 08:00:00,0.00010000
2019-11-21 16:00:00,0.00010000
2019-11-22 00:00:00,0.00006832
2019-11-22 08:00:00,0.00009601
2019-11-22 16:00:00,-0.00025622
2019-11-23 00:00:00,-0.00028670
2019-11-23 08:00:00,-0.00017048
2019-11-23 16:00:00,-0.00014290
2019-11-24 00:00:00,-0.00010216
2019-11-24 08:00:00,0.00010000
2019-11-24 16:00:00,0.00010000
2019-11-25 00:00:00,0.00010000
2019-11-25 08:00:00,-0.00003046
2019-11-25 16:00:00,-0.00011089
2019-11-26 00:00:00,-0.00008462
2019-11-26 08:00:00,-0.00046229
2019-11-26 16:00:00,-0.00036807
2019-11-27 00:00:00,-0.00018098
2019-11-27 08:00:00,-0.00015744
2019-11-27 16:00:00,0.00010000
2019-11-28 00:00:00,0.00010000
2019-11-28 08:00:00,0.00010000
2019-11-28 16:00:00,0.00010000
2019-11-29 00:00:00,0.00010000
2019-11-29 08:00:00,0.00010000
2019-11-29 16:00:00,0.00010000
2019-11-30 00:00:00,0.00010000
2019-11-30 08:00:00,-0.00001926
2019-11-30 16:00:00,0.00010000
2019-12-01 00:00:00,0.00010000
2019-12-01 08:00:00,0.00010000
2019-12-01 16:00:00,0.00010000
2019-12-02 00:00:00,0.00010000
2019-12-02 08:00:00,0.00010000
2019-12-02 16:00:00,0.00001721
2019-12-03 00:00:00,0.00001418
2019-12-03 08:00:00,0.00008902
2019-12-03 16:00:00,-0.00001025
2019-12-04 00:00:00,-0.00000355
2019-12-04 08:00:00,0.00003333
2019-12-04 16:00:00,-0.00005268
2019-12-05 00:00:00,0.00002564
2019-12-05 08:00:00,-0.00009765
2019-12-05 16:00:00,0.00001789
2019-12-06 00:00:00,0.00007761
2019-12-06 08:00:00,0.00005834
2019-12-06 16:00:00,0.00006551
2019-12-07 00:00:00,0.00010000
2019-12-07 08:00:00,0.00003809
2019-12-07 16:00:00,0.00010000
2019-12-08 00:00:00,0.00010000
2019-12-08 08:00:00,0.00010000
2019-12-08 16:00:00,0.00010000
2019-12-09 00:00:00,0.00010000
2019-12-09 08:00:00,0.00010000
2019-12-09 16:00:00,0.00010000
2019-12-10 00:00:00,0.00010000
2019-12-10 08:00:00,0.00010000
2019-12-10 16:00:00,0.00010000
2019-12-11 00:00:00,0.00010000
2019-12-11 08:00:00,0.00004062
2019-12-11 16:00:00,-0.00005692
2019-12-12 00:00:00,0.00003160
2019-12-12 08:00:00,-0.00000320
2019-12-12 16:00:00,-0.00008520
2019-12-13 00:00:00,-0.00007162
2019-12-13 08:00:00,-0.00011387
2019-12-13 16:00:00,-0.00009781
2019-12-14 00:00:00,-0.00005358
2019-12-14 08:00:00,0.00002252
2019-12-14 16:00:00,0.00010000
2019-12-15 00:00:00,-0.00001788
2019-12-15 08:00:00,0.00007982
2019-12-15 16:00:00,0.00002225
2019-12-16 00:00:00,-0.00013465
2019-12-16 08:00:00,-0.00010782
2019-12-16 16:00:00,-0.00003652
2019-12-17 00:00:00,-0.00004606
2019-12-17 08:00:00,-0.00013429
2019-12-17 16:00:00,-0.00001606
2019-12-18 00:00:00,-0.00013767
2019-12-18 08:00:00,-0.00022278
2019-12-18 16:00:00,-0.00015090
2019-12-19 00:00:00,0.00010000
2019-12-19 08:00:00,0.00010000
2019-12-19 16:00:00,0.00010000
2019-12-20 00:00:00,0.00002383
2019-12-20 08:00:00,0.00001034
2019-12-20 16:00:00,0.00003190
2019-12-21 00:00:00,-0.00000237
2019-12-21 08:00:00,0.00010000
2019-12-21 16:00:00,0.00010000
2019-12-22 00:00:00,0.00010000
2019-12-22 08:00:00,0.00010000
2019-12-22 16:00:00,0.00001570
2019-12-23 00:00:00,0.00010000
2019-12-23 08:00:00,0.00010000
2019-12-23 16:00:00,0.00010000
2019-12-24 00:00:00,0.00010000
2019-12-24 08:00:00,0.00010000
2019-12-24 16:00:00,0.00010000
2019-12-25 00:00:00,0.00010000
2019-12-25 08:00:00,0.00006107
2019-12-25 16:00:00,0.00010000
2019-12-26 00:00:00,0.00010000
2019-12-26 08:00:00,0.00010000
2019-12-26 16:00:00,-0.00002854
2019-12-27 00:00:00,0.00002605
2019-12-27 08:00:00,-0.00005694
2019-12-27 16:00:00,-0.00008764
2019-12-28 00:00:00,-0.00007701
2019-12-28 08:00:00,-0.00004257
2019-12-28 16:00:00,0.00002166
2019-12-29 00:00:00,-0.00023250
2019-12-29 08:00:00,0.00010000
2019-12-29 16:00:00,-0.00008727
2019-12-30 00:00:00,-0.00010232
2019-12-30 08:00:00,-0.00017940
2019-12-30 16:00:00,-0.00001406
2019-12-31 00:00:00,0.00003936
2019-12-31 08:00:00,-0.00013050
2019-12-31 16:00:00,-0.00002403
2020-01-01 00:00:00,-0.00012359
2020-01-01 08:00:00,-0.00012383
2020-01-01 16:00:00,-0.00009664
2020-01-02 00:00:00,0.00003662
2020-01-02 08:00:00,0.00010000
2020-01-02 16:00:00,0.00000104
2020-01-03 00:00:00,-0.00001664
2020-01-03 08:00:00,-0.00001553
2020-01-03 16:00:00,0.00010000
2020-01-04 00:00:00,0.00010000
2020-01-04 08:00:00,0.00000084
2020-01-04 16:00:00,0.00007387
2020-01-05 00:00:00,0.00010000
2020-01-05 08:00:00,0.00010000
2020-01-05 16:00:00,0.00010000
2020-01-06 00:00:00,0.00010000
2020-01-06 08:00:00,0.00010000
2020-01-06 16:00:00,0.00010000
2020-01-07 00:00:00,0.00010000
2020-01-07 08:00:00,0.00010000
2020-01-07 16:00:00,0.00010000
2020-01-08 00:00:00,0.00012514
2020-01-08 08:00:00,0.00010000
2020-01-08 16:00:00,0.00010000
2020-01-09 00:00:00,0.00010000
2020-01-09 08:00:00,0.00010000
2020-01-09 16:00:00,0.00010000
2020-01-10 00:00:00,0.00010000
2020-01-10 08:00:00,0.00010000
2020-01-10 16:00:00,0.00010000
2020-01-11 00:00:00,0.00010000
2020-01-11 08:00:00,0.00017846
2020-01-11 16:00:00,0.00010000
2020-01-12 00:00:00,0.00010000
2020-01-12 08:00:00,0.00010000
2020-01-12 16:00:00,0.00010000
2020-01-13 00:00:00,0.00010000
2020-01-13 08:00:00,0.00010000
2020-01-13 16:00:00,0.00010000
2020-01-14 00:00:00,0.00010000
2020-01-14 08:00:00,0.00025900
2020-01-14 16:00:00,0.00010000
2020-01-15 00:00:00,0.00049392
2020-01-15 08:00:00,0.00019497
2020-01-15 16:00:00,0.00010000
2020-01-16 00:00:00,0.00010000
2020-01-16 08:00:00,0.00041191
2020-01-16 16:00:00,0.00031466
2020-01-17 00:00:00,0.00010000
2020-01-17 08:00:00,0.00015027
2020-01-17 16:00:00,0.00056749
2020-01-18 00:00:00,0.00010000
2020-01-18 08:00:00,0.00029182
2020-01-18 16:00:00,0.00032081
2020-01-19 00:00:00,0.00020041
2020-01-19 08:00:00,0.00039329
2020-01-19 16:00:00,0.00092467
2020-01-20 00:00:00,0.00029702
2020-01-20 08:00:00,0.00010000
2020-01-20 16:00:00,0.00010782
2020-01-21 00:00:00,0.00012057
2020-01-21 08:00:00,0.00015425
2020-01-21 16:00:00,0.00015740
2020-01-22 00:00:00,0.00010000
2020-01-22 08:00:00,0.00021392
2020-01-22 16:00:00,0.00010000
2020-01-23 00:00:00,0.00010000
2020-01-23 08:00:00,0.00010000
2020-01-23 16:00:00,0.00052304
2020-01-24 00:00:00,0.00054719
2020-01-24 08:00:00,0.00042124
2020-01-24 16:00:00,0.00017948
2020-01-25 00:00:00,0.00010000
2020-01-25 08:00:00,0.00010000
2020-01-25 16:00:00,0.00010000
2020-01-26 00:00:00,0.00010000
2020-01-26 08:00:00,0.00010000
2020-01-26 16:00:00,0.00010000
2020-01-27 00:00:00,0.00010000
2020-01-27 08:00:00,0.00010000
2020-01-27 16:00:00,0.00010000
2020-01-28 00:00:00,0.00010000
2020-01-28 08:00:00,0.00068689
2020-01-28 16:00:00,0.00054394
2020-01-29 00:00:00,0.00062324
2020-01-29 08:00:00,0.00108193
2020-01-29 16:00:00,0.00053694
2020-01-30 00:00:00,0.00023600
2020-01-30 08:00:00,0.00024877
2020-01-30 16:00:00,0.00034852
2020-01-31 00:00:00,0.00053551
2020-01-31 08:00:00,0.00077154
2020-01-31 16:00:00,0.00039858
2020-02-01 00:00:00,0.00074991
2020-02-01 08:00:00,0.00065667
2020-02-01 16:00:00,0.00049052
2020-02-02 00:00:00,0.00028263
2020-02-02 08:00:00,0.00034916
2020-02-02 16:00:00,0.00065524
2020-02-03 00:00:00,0.00060677
2020-02-03 08:00:00,0.00035862
2020-02-03 16:00:00,0.00010000
2020-02-04 00:00:00,0.00099282
2020-02-04 08:00:00,0.00054450
2020-02-04 16:00:00,0.00038192
2020-02-05 00:00:00,0.00010000
2020-02-05 08:00:00,0.00010000
2020-02-05 16:00:00,0.00052631
2020-02-06 00:00:00,0.00164021
2020-02-06 08:00:00,0.00078299
2020-02-06 16:00:00,0.00055668
2020-02-07 00:00:00,0.00035618
2020-02-07 08:00:00,0.00019726
2020-02-07 16:00:00,0.00034616
2020-02-08 00:00:00,0.00039915
2020-02-08 08:00:00,0.00062858
2020-02-08 16:00:00,0.00099315
2020-02-09 00:00:00,0.00042798
2020-02-09 08:00:00,0.00081519
2020-02-09 16:00:00,0.00113954
2020-02-10 00:00:00,0.00106733
2020-02-10 08:00:00,0.00125022
2020-02-10 16:00:00,0.00097918
2020-02-11 00:00:00,0.00043989
2020-02-11 08:00:00,0.00064797
2020-02-11 16:00:00,0.00050120
2020-02-12 00:00:00,0.00300000
2020-02-12 08:00:00,0.00108055
2020-02-12 16:00:00,0.00103884
2020-02-13 00:00:00,0.00093553
2020-02-13 08:00:00,0.00084403
2020-02-13 16:00:00,0.00070414
2020-02-14 00:00:00,0.00063320
2020-02-14 08:00:00,0.00074453
2020-02-14 16:00:00,0.00055952
2020-02-15 00:00:00,0.00059113
2020-02-15 08:00:00,0.00096860
2020-02-15 16:00:00,0.00087369
2020-02-16 00:00:00,0.00051202
2020-02-16 08:00:00,0.00036973
2020-02-16 16:00:00,0.00060847
2020-02-17 00:00:00,0.00043179
2020-02-17 08:00:00,0.00060960
2020-02-17 16:00:00,0.00091076
2020-02-18 00:00:00,0.00026967
2020-02-18 08:00:00,0.00013952
2020-02-18 16:00:00,0.00029662
2020-02-19 00:00:00,0.00046396
2020-02-19 08:00:00,0.00038487
2020-02-19 16:00:00,0.00040757
2020-02-20 00:00:00,0.00010000
2020-02-20 08:00:00,0.00010000
2020-02-20 16:00:00,0.00010000
2020-02-21 00:00:00,0.00010000
2020-02-21 08:00:00,0.00010000
2020-02-21 16:00:00,0.00010000
2020-02-22 00:00:00,0.00010000
2020-02-22 08:00:00,0.00010000
2020-02-22 16:00:00,0.00012243
2020-02-23 00:00:00,0.00029663
2020-02-23 08:00:00,0.00039010
2020-02-23 16:00:00,0.00065308
2020-02-24 00:00:00,0.00048774
2020-02-24 08:00:00,0.00014587
2020-02-24 16:00:00,0.00010000
2020-02-25 00:00:00,0.00032389
2020-02-25 08:00:00,0.00027363
2020-02-25 16:00:00,0.00046949
2020-02-26 00:00:00,0.00036170
2020-02-26 08:00:00,0.00050630
2020-02-26 16:00:00,0.00038660
2020-02-27 00:00:00,0.00017363
2020-02-27 08:00:00,0.00010000
2020-02-27 16:00:00,0.00010000
2020-02-28 00:00:00,0.00010000
2020-02-28 08:00:00,0.00011659
2020-02-28 16:00:00,0.00023604
2020-02-29 00:00:00,0.00061536
2020-02-29 08:00:00,0.00060166
2020-02-29 16:00:00,0.00062345
2020-03-01 00:00:00,0.00049317
2020-03-01 08:00:00,0.00027933
2020-03-01 16:00:00,0.00031033
2020-03-02 00:00:00,0.00018720
2020-03-02 08:00:00,0.00010000
2020-03-02 16:00:00,0.00010000
2020-03-03 00:00:00,0.00010000
2020-03-03 08:00:00,0.00010000
2020-03-03 16:00:00,0.00010000
2020-03-04 00:00:00,0.00010000
2020-03-04 08:00:00,0.00010000
2020-03-04 16:00:00,0.00024328
2020-03-05 00:00:00,0.00010000
2020-03-05 08:00:00,0.00023481
2020-03-05 16:00:00,0.00019521
2020-03-06 00:00:00,0.00020373
2020-03-06 08:00:00,0.00021759
2020-03-06 16:00:00,0.00035706
2020-03-07 00:00:00,0.00039476
2020-03-07 08:00:00,0.00032086
2020-03-07 16:00:00,0.00032714
2020-03-08 00:00:00,0.00054685
2020-03-08 08:00:00,0.00049747
2020-03-08 16:00:00,0.00042921
2020-03-09 00:00:00,0.00010000
2020-03-09 08:00:00,0.00010000
2020-03-09 16:00:00,0.00010000
2020-03-10 00:00:00,0.00010000
2020-03-10 08:00:00,0.00010000
2020-03-10 16:00:00,0.00010000
2020-03-11 00:00:00,0.00010000
2020-03-11 08:00:00,0.00010000
2020-03-11 16:00:00,0.00022898
2020-03-12 00:00:00,0.00010572
2020-03-12 08:00:00,0.00010000
2020-03-12 16:00:00,-0.00015149
2020-03-13 00:00:00,-0.00016073
2020-03-13 08:00:00,-0.00300000
2020-03-13 16:00:00,-0.00065378
2020-03-14 00:00:00,-0.00076421
2020-03-14 08:00:00,-0.00004946
2020-03-14 16:00:00,-0.00050325
2020-03-15 00:00:00,-0.00047893
2020-03-15 08:00:00,-0.00054208
2020-03-15 16:00:00,-0.00048790
2020-03-16 00:00:00,-0.00028282
2020-03-16 08:00:00,-0.00036873
2020-03-16 16:00:00,-0.00090358
2020-03-17 00:00:00,-0.00023830
2020-03-17 08:00:00,-0.00003681
2020-03-17 16:00:00,-0.00010573
2020-03-18 00:00:00,-0.00014706
2020-03-18 08:00:00,-0.00035528
2020-03-18 16:00:00,-0.00033374
2020-03-19 00:00:00,-0.00015042
2020-03-19 08:00:00,-0.00022004
2020-03-19 16:00:00,-0.00027089
2020-03-20 00:00:00,-0.00015469
2020-03-20 08:00:00,-0.00001171
2020-03-20 16:00:00,0.00010000
2020-03-21 00:00:00,0.00008327
2020-03-21 08:00:00,-0.00000915
2020-03-21 16:00:00,-0.00011557
2020-03-22 00:00:00,-0.00002842
2020-03-22 08:00:00,0.00010000
2020-03-22 16:00:00,0.00000224
2020-03-23 00:00:00,-0.00016796
2020-03-23 08:00:00,-0.00016295
2020-03-23 16:00:00,0.00010000
2020-03-24 00:00:00,0.00010000
2020-03-24 08:00:00,0.00010000
2020-03-24 16:00:00,0.00010000
2020-03-25 00:00:00,0.00010000
2020-03-25 08:00:00,0.00009958
2020-03-25 16:00:00,0.00009813
2020-03-26 00:00:00,-0.00001620
2020-03-26 08:00:00,0.00010000
2020-03-26 16:00:00,0.00001599
2020-03-27 00:00:00,0.00006223
2020-03-27 08:00:00,0.00006838
2020-03-27 16:00:00,0.00000148
2020-03-28 00:00:00,-0.00012203
2020-03-28 08:00:00,-0.00041263
2020-03-28 16:00:00,-0.00021650
2020-03-29 00:00:00,-0.00023282
2020-03-29 08:00:00,-0.00029120
2020-03-29 16:00:00,-0.00025613
2020-03-30 00:00:00,-0.00064310
2020-03-30 08:00:00,-0.00033817
2020-03-30 16:00:00,-0.00006982
2020-03-31 00:00:00,-0.00005383
2020-03-31 08:00:00,-0.00015273
2020-03-31 16:00:00,-0.00016200
2020-04-01 00:00:00,-0.00009237
2020-04-01 08:00:00,-0.00048680
2020-04-01 16:00:00,-0.00034983
2020-04-02 00:00:00,-0.00019330
2020-04-02 08:00:00,0.00003280
2020-04-02 16:00:00,0.00009417
2020-04-03 00:00:00,0.00009047
2020-04-03 08:00:00,0.00000079
2020-04-03 16:00:00,0.00010000
2020-04-04 00:00:00,0.00006184
2020-04-04 08:00:00,0.00005655
2020-04-04 16:00:00,-0.00007770
2020-04-05 00:00:00,-0.00004495
2020-04-05 08:00:00,0.00004198
2020-04-05 16:00:00,0.00003859
2020-04-06 00:00:00,0.00002364
2020-04-06 08:00:00,0.00000654
2020-04-06 16:00:00,-0.00008471
2020-04-07 00:00:00,-0.00012883
2020-04-07 08:00:00,-0.00002915
2020-04-07 16:00:00,0.00001131
2020-04-08 00:00:00,-0.00002763
2020-04-08 08:00:00,0.00010000
2020-04-08 16:00:00,0.00006677
2020-04-09 00:00:00,0.00010000
2020-04-09 08:00:00,-0.00010005
2020-04-09 16:00:00,-0.00008854
2020-04-10 00:00:00,-0.00005003
2020-04-10 08:00:00,0.00010000
2020-04-10 16:00:00,0.00010000
2020-04-11 00:00:00,0.00010000
2020-04-11 08:00:00,0.00010000
2020-04-11 16:00:00,0.00010000
2020-04-12 00:00:00,0.00010000
2020-04-12 08:00:00,0.00010000
2020-04-12 16:00:00,0.00008453
2020-04-13 00:00:00,0.00007954
2020-04-13 08:00:00,-0.00020271
2020-04-13 16:00:00,-0.00002882
2020-04-14 00:00:00,-0.00001244
2020-04-14 08:00:00,0.00005454
2020-04-14 16:00:00,-0.00020028
2020-04-15 00:00:00,-0.00012803
2020-04-15 08:00:00,-0.00004630
2020-04-15 16:00:00,0.00002925
2020-04-16 00:00:00,-0.00007017
2020-04-16 08:00:00,-0.00046001
2020-04-16 16:00:00,0.00006364
2020-04-17 00:00:00,0.00005926
2020-04-17 08:00:00,0.00003345
2020-04-17 16:00:00,-0.00006771
2020-04-18 00:00:00,-0.00003132
2020-04-18 08:00:00,-0.00017145
2020-04-18 16:00:00,-0.00019642
2020-04-19 00:00:00,-0.00019142
2020-04-19 08:00:00,-0.00005966
2020-04-19 16:00:00,0.00008514
2020-04-20 00:00:00,-0.00001310
2020-04-20 08:00:00,-0.00001874
2020-04-20 16:00:00,-0.00005762
2020-04-21 00:00:00,-0.00009180
2020-04-21 08:00:00,-0.00007539
2020-04-21 16:00:00,0.00010000
2020-04-22 00:00:00,-0.00002663
2020-04-22 08:00:00,-0.00011402
2020-04-22 16:00:00,-0.00031244
2020-04-23 00:00:00,-0.00022340
2020-04-23 08:00:00,-0.00015491
2020-04-23 16:00:00,0.00010000
2020-04-24 00:00:00,0.00010000
2020-04-24 08:00:00,0.00010000
2020-04-24 16:00:00,0.00010000
2020-04-25 00:00:00,0.00010000
2020-04-25 08:00:00,0.00010000
2020-04-25 16:00:00,0.00010000
2020-04-26 00:00:00,0.00010000
2020-04-26 08:00:00,0.00007493
2020-04-26 16:00:00,0.00010000
2020-04-27 00:00:00,0.00010000
2020-04-27 08:00:00,0.00010000
2020-04-27 16:00:00,0.00010000
2020-04-28 00:00:00,0.00010000
2020-04-28 08:00:00,0.00010000
2020-04-28 16:00:00,0.00010000
2020-04-29 00:00:00,0.00010000
2020-04-29 08:00:00,0.00010000
2020-04-29 16:00:00,0.00010000
2020-04-30 00:00:00,0.00013208
2020-04-30 08:00:00,0.00097517
2020-04-30 16:00:00,0.00010000
2020-05-01 00:00:00,0.00021072
2020-05-01 08:00:00,0.00017885
2020-05-01 16:00:00,0.00013528
2020-05-02 00:00:00,0.00010000
2020-05-02 08:00:00,0.00010000
2020-05-02 16:00:00,0.00010144
2020-05-03 00:00:00,0.00010000
2020-05-03 08:00:00,0.00019810
2020-05-03 16:00:00,0.00015162
2020-05-04 00:00:00,0.00011925
2020-05-04 08:00:00,0.00010000
2020-05-04 16:00:00,0.00010000
2020-05-05 00:00:00,0.00010000
2020-05-05 08:00:00,0.00010000
2020-05-05 16:00:00,0.00010000
2020-05-06 00:00:00,0.00010000
2020-05-06 08:00:00,0.00010000
2020-05-06 16:00:00,0.00035981
2020-05-07 00:00:00,0.00010000
2020-05-07 08:00:00,0.00010000
2020-05-07 16:00:00,0.00010000
2020-05-08 00:00:00,0.00016094
2020-05-08 08:00:00,0.00034016
2020-05-08 16:00:00,0.00053190
2020-05-09 00:00:00,0.00042037
2020-05-09 08:00:00,0.00075816
2020-05-09 16:00:00,0.00058018
2020-05-10 00:00:00,0.00042326
2020-05-10 08:00:00,0.00010000
2020-05-10 16:00:00,0.00010000
2020-05-11 00:00:00,0.00010000
2020-05-11 08:00:00,0.00010000
2020-05-11 16:00:00,0.00010000
2020-05-12 00:00:00,0.00010000
2020-05-12 08:00:00,0.00010000
2020-05-12 16:00:00,0.00010000
2020-05-13 00:00:00,0.00010000
2020-05-13 08:00:00,0.00010000
2020-05-13 16:00:00,0.00010000
2020-05-14 00:00:00,0.00010000
2020-05-14 08:00:00,0.00010000
2020-05-14 16:00:00,0.00010000
2020-05-15 00:00:00,0.00010000
2020-05-15 08:00:00,0.00004400
2020-05-15 16:00:00,0.00010000
2020-05-16 00:00:00,0.00010000
2020-05-16 08:00:00,0.00010000
2020-05-16 16:00:00,0.00010000
2020-05-17 00:00:00,0.00008001
2020-05-17 08:00:00,0.00004125
2020-05-17 16:00:00,0.00000888
2020-05-18 00:00:00,0.00010000
2020-05-18 08:00:00,0.00010000
2020-05-18 16:00:00,-0.00006640
2020-05-19 00:00:00,0.00010000
2020-05-19 08:00:00,0.00007892
2020-05-19 16:00:00,0.00010000
2020-05-20 00:00:00,0.00010000
2020-05-20 08:00:00,0.00010000
2020-05-20 16:00:00,0.00010000
2020-05-21 00:00:00,-0.00009027
2020-05-21 08:00:00,0.00006809
2020-05-21 16:00:00,0.00010000
2020-05-22 00:00:00,-0.00005150
2020-05-22 08:00:00,-0.00002396
2020-05-22 16:00:00,0.00006867
2020-05-23 00:00:00,-0.00002092
2020-05-23 08:00:00,-0.00001081
2020-05-23 16:00:00,0.00007023
2020-05-24 00:00:00,0.00010000
2020-05-24 08:00:00,0.00007917
2020-05-24 16:00:00,0.00006724
2020-05-25 00:00:00,0.00006784
2020-05-25 08:00:00,-0.00004286
2020-05-25 16:00:00,-0.00004226
2020-05-26 00:00:00,-0.00000035
2020-05-26 08:00:00,0.00010000
2020-05-26 16:00:00,0.00004599
2020-05-27 00:00:00,0.00002104
2020-05-27 08:00:00,0.00010000
2020-05-27 16:00:00,-0.00014025
2020-05-28 00:00:00,-0.00011366
2020-05-28 08:00:00,-0.00006862
2020-05-28 16:00:00,-0.00001187
2020-05-29 00:00:00,0.00002618
2020-05-29 08:00:00,0.00001877
2020-05-29 16:00:00,-0.00000604
2020-05-30 00:00:00,0.00010000
2020-05-30 08:00:00,0.00010000
2020-05-30 16:00:00,0.00010000
2020-05-31 00:00:00,0.00010000
2020-05-31 08:00:00,0.00010000
2020-05-31 16:00:00,0.00010000
2020-06-01 00:00:00,0.00010000
2020-06-01 08:00:00,-0.00002911
2020-06-01 16:00:00,0.00000938
2020-06-02 00:00:00,0.00034480
2020-06-02 08:00:00,0.00078310
2020-06-02 16:00:00,0.00010000
2020-06-03 00:00:00,0.00010000
2020-06-03 08:00:00,0.00008646
2020-06-03 16:00:00,0.00010000
2020-06-04 00:00:00,0.00010000
2020-06-04 08:00:00,0.00010000
2020-06-04 16:00:00,0.00010000
2020-06-05 00:00:00,0.00010000
2020-06-05 08:00:00,0.00010000
2020-06-05 16:00:00,0.00010000
2020-06-06 00:00:00,0.00010000
2020-06-06 08:00:00,0.00010000
2020-06-06 16:00:00,0.00010000
2020-06-07 00:00:00,0.00010000
2020-06-07 08:00:00,0.00010000
2020-06-07 16:00:00,0.00010000
2020-06-08 00:00:00,0.00010000
2020-06-08 08:00:00,0.00010000
2020-06-08 16:00:00,0.00010000
2020-06-09 00:00:00,0.00010000
2020-06-09 08:00:00,0.00010000
2020-06-09 16:00:00,0.00010000
2020-06-10 00:00:00,0.00010000
2020-06-10 08:00:00,0.00010000
2020-06-10 16:00:00,0.00010000
2020-06-11 00:00:00,0.00010000
2020-06-11 08:00:00,0.00010000
2020-06-11 16:00:00,0.00010000
2020-06-12 00:00:00,0.00010000
2020-06-12 08:00:00,-0.00003816
2020-06-12 16:00:00,0.00009714
2020-06-13 00:00:00,-0.00001942
2020-06-13 08:00:00,0.00007217
2020-06-13 16:00:00,0.00010000
2020-06-14 00:00:00,0.00007102
2020-06-14 08:00:00,0.00010000
2020-06-14 16:00:00,0.00010000
2020-06-15 00:00:00,0.00010000
2020-06-15 08:00:00,-0.00004149
2020-06-15 16:00:00,-0.00018213
2020-06-16 00:00:00,-0.00015215
2020-06-16 08:00:00,0.00010000
2020-06-16 16:00:00,0.00010000
2020-06-17 00:00:00,0.00007764
2020-06-17 08:00:00,-0.00008320
2020-06-17 16:00:00,0.00007510
2020-06-18 00:00:00,-0.00010005
2020-06-18 08:00:00,-0.00011589
2020-06-18 16:00:00,0.00007624
2020-06-19 00:00:00,-0.00000157
2020-06-19 08:00:00,0.00001940
2020-06-19 16:00:00,0.00010000
2020-06-20 00:00:00,0.00010000
2020-06-20 08:00:00,0.00001186
2020-06-20 16:00:00,0.00010000
2020-06-21 00:00:00,-0.00003057
2020-06-21 08:00:00,-0.00001290
2020-06-21 16:00:00,0.00010000
2020-06-22 00:00:00,0.00010000
2020-06-22 08:00:00,0.00006784
2020-06-22 16:00:00,0.00010000
2020-06-23 00:00:00,0.00010000
2020-06-23 08:00:00,0.00010000
2020-06-23 16:00:00,0.00012215
2020-06-24 00:00:00,0.00011286
2020-06-24 08:00:00,0.00010000
2020-06-24 16:00:00,0.00010000
2020-06-25 00:00:00,0.00010000
2020-06-25 08:00:00,0.00010000
2020-06-25 16:00:00,0.00010000
2020-06-26 00:00:00,0.00009401
2020-06-26 08:00:00,0.00010000
2020-06-26 16:00:00,0.00010000
2020-06-27 00:00:00,0.00010000
2020-06-27 08:00:00,0.00010000
2020-06-27 16:00:00,0.00010000
2020-06-28 00:00:00,0.00010000
2020-06-28 08:00:00,0.00010000
2020-06-28 16:00:00,0.00004867
2020-06-29 00:00:00,0.00010000
2020-06-29 08:00:00,0.00010000
2020-06-29 16:00:00,0.00010000
2020-06-30 00:00:00,0.00010000
2020-06-30 08:00:00,0.00010000
2020-06-30 16:00:00,0.00010000
2020-07-01 00:00:00,0.00010000
2020-07-01 08:00:00,0.00010000
2020-07-01 16:00:00,0.00010000
2020-07-02 00:00:00,0.00010000
2020-07-02 08:00:00,0.00010000
2020-07-02 16:00:00,0.00010000
2020-07-03 00:00:00,0.00010000
2020-07-03 08:00:00,0.00010000
2020-07-03 16:00:00,0.00010000
2020-07-04 00:00:00,0.00010000
2020-07-04 08:00:00,0.00010000
2020-07-04 16:00:00,0.00010000
2020-07-05 00:00:00,0.00010000
2020-07-05 08:00:00,0.00010000
2020-07-05 16:00:00,0.00010000
2020-07-06 00:00:00,0.00010000
2020-07-06 08:00:00,0.00010000
2020-07-06 16:00:00,0.00010000
2020-07-07 00:00:00,0.00010000
2020-07-07 08:00:00,0.00010000
2020-07-07 16:00:00,0.00010000
2020-07-08 00:00:00,0.00010000
2020-07-08 08:00:00,0.00010000
2020-07-08 16:00:00,0.00010000
2020-07-09 00:00:00,0.00010000
2020-07-09 08:00:00,0.00010000
2020-07-09 16:00:00,0.00010000
2020-07-10 00:00:00,0.00010000
2020-07-10 08:00:00,0.00010000
2020-07-10 16:00:00,0.00010000
2020-07-11 00:00:00,0.00010000
2020-07-11 08:00:00,0.00010000
2020-07-11 16:00:00,0.00010000
2020-07-12 00:00:00,0.00010000
2020-07-12 08:00:00,0.00010000
2020-07-12 16:00:00,0.00010000
2020-07-13 00:00:00,0.00010000
2020-07-13 08:00:00,0.00010000
2020-07-13 16:00:00,0.00010000
2020-07-14 00:00:00,0.00010000
2020-07-14 08:00:00,0.00010000
2020-07-14 16:00:00,0.00010000
2020-07-15 00:00:00,0.00010000
2020-07-15 08:00:00,0.00010000
2020-07-15 16:00:00,0.00010000
2020-07-16 00:00:00,0.00010000
2020-07-16 08:00:00,0.00010000
2020-07-16 16:00:00,0.00010000
2020-07-17 00:00:00,0.00010000
2020-07-17 08:00:00,0.00010000
2020-07-17 16:00:00,0.00010000
2020-07-18 00:00:00,0.00010000
2020-07-18 08:00:00,0.00010000
2020-07-18 16:00:00,0.00010000
2020-07-19 00:00:00,0.00010000
2020-07-19 08:00:00,0.00010000
2020-07-19 16:00:00,0.00010000
2020-07-20 00:00:00,0.00010000
2020-07-20 08:00:00,0.00010000
2020-07-20 16:00:00,0.00010000
2020-07-21 00:00:00,0.00010000
2020-07-21 08:00:00,0.00010000
2020-07-21 16:00:00,0.00010000
2020-07-22 00:00:00,0.00010000
2020-07-22 08:00:00,0.00010000
2020-07-22 16:00:00,0.00010000
2020-07-23 00:00:00,0.00010000
2020-07-23 08:00:00,0.00010000
2020-07-23 16:00:00,0.00010000
2020-07-24 00:00:00,0.00010000
2020-07-24 08:00:00,0.00010000
2020-07-24 16:00:00,0.00010000
2020-07-25 00:00:00,0.00010000
2020-07-25 08:00:00,0.00010000
2020-07-25 16:00:00,0.00010000
2020-07-26 00:00:00,0.00010000
2020-07-26 08:00:00,0.00010000
2020-07-26 16:00:00,0.00065437
2020-07-27 00:00:00,0.00047138
2020-07-27 08:00:00,0.00086993
2020-07-27 16:00:00,0.00051888
2020-07-28 00:00:00,0.00139484
2020-07-28 08:00:00,0.00122052
2020-07-28 16:00:00,0.00097576
2020-07-29 00:00:00,0.00083621
2020-07-29 08:00:00,0.00068208
2020-07-29 16:00:00,0.00061856
2020-07-30 00:00:00,0.00061759
2020-07-30 08:00:00,0.00072329
2020-07-30 16:00:00,0.00069174
2020-07-31 00:00:00,0.00082654
2020-07-31 08:00:00,0.00039348
2020-07-31 16:00:00,0.00037716
2020-08-01 00:00:00,0.00027910
2020-08-01 08:00:00,0.00030785
2020-08-01 16:00:00,0.00048996
2020-08-02 00:00:00,0.00095567
2020-08-02 08:00:00,0.00042430
2020-08-02 16:00:00,0.00024752
2020-08-03 00:00:00,0.00025850
2020-08-03 08:00:00,0.00045929
2020-08-03 16:00:00,0.00043731
2020-08-04 00:00:00,0.00031113
2020-08-04 08:00:00,0.00030647
2020-08-04 16:00:00,0.00038617
2020-08-05 00:00:00,0.00013898
2020-08-05 08:00:00,0.00016613
2020-08-05 16:00:00,0.00022044
2020-08-06 00:00:00,0.00038867
2020-08-06 08:00:00,0.00038696
2020-08-06 16:00:00,0.00036099
2020-08-07 00:00:00,0.00031707
2020-08-07 08:00:00,0.00021201
2020-08-07 16:00:00,0.00023934
2020-08-08 00:00:00,0.00010000
2020-08-08 08:00:00,0.00010000
